,bus,opel,van,Acuratete
bus,212,4,2,97.24770642201835
opel,7,196,9,92.45283018867924
van,2,3,194,97.48743718592965
